[{"model": "admin.logentry", "pk": 1, "fields": {"action_time": "2024-10-27T00:29:27.872Z", "user": 1, "content_type": 9, "object_id": "1", "object_repr": "Intel", "action_flag": 1, "change_message": "[{\"added\": {}}]"}}, {"model": "admin.logentry", "pk": 2, "fields": {"action_time": "2024-10-27T00:29:41.427Z", "user": 1, "content_type": 10, "object_id": "1", "object_repr": "Raptor Lake Refresh", "action_flag": 1, "change_message": "[{\"added\": {}}]"}}, {"model": "admin.logentry", "pk": 3, "fields": {"action_time": "2024-10-27T00:29:51.150Z", "user": 1, "content_type": 8, "object_id": "1", "object_repr": "LGA 1700", "action_flag": 1, "change_message": "[{\"added\": {}}]"}}, {"model": "admin.logentry", "pk": 4, "fields": {"action_time": "2024-10-27T00:29:53.088Z", "user": 1, "content_type": 23, "object_id": "1", "object_repr": "Core i9-14900KF", "action_flag": 1, "change_message": "[{\"added\": {}}]"}}, {"model": "admin.logentry", "pk": 5, "fields": {"action_time": "2024-10-27T00:30:06.122Z", "user": 1, "content_type": 9, "object_id": "2", "object_repr": "AMD", "action_flag": 1, "change_message": "[{\"added\": {}}]"}}, {"model": "admin.logentry", "pk": 6, "fields": {"action_time": "2024-10-27T00:30:18.596Z", "user": 1, "content_type": 10, "object_id": "2", "object_repr": "Zen 4", "action_flag": 1, "change_message": "[{\"added\": {}}]"}}, {"model": "admin.logentry", "pk": 7, "fields": {"action_time": "2024-10-27T00:30:35.109Z", "user": 1, "content_type": 8, "object_id": "2", "object_repr": "AM5", "action_flag": 1, "change_message": "[{\"added\": {}}]"}}, {"model": "admin.logentry", "pk": 8, "fields": {"action_time": "2024-10-27T00:30:36.669Z", "user": 1, "content_type": 23, "object_id": "2", "object_repr": "Ryzen 9 7950X", "action_flag": 1, "change_message": "[{\"added\": {}}]"}}, {"model": "admin.logentry", "pk": 9, "fields": {"action_time": "2024-10-27T00:31:46.749Z", "user": 1, "content_type": 9, "object_id": "3", "object_repr": "Gigabyte", "action_flag": 1, "change_message": "[{\"added\": {}}]"}}, {"model": "admin.logentry", "pk": 10, "fields": {"action_time": "2024-10-27T00:31:55.911Z", "user": 1, "content_type": 8, "object_id": "3", "object_repr": "sTRX4", "action_flag": 1, "change_message": "[{\"added\": {}}]"}}, {"model": "admin.logentry", "pk": 11, "fields": {"action_time": "2024-10-27T00:33:06.502Z", "user": 1, "content_type": 17, "object_id": "1", "object_repr": "Extended ATX", "action_flag": 1, "change_message": "[{\"added\": {}}]"}}, {"model": "admin.logentry", "pk": 12, "fields": {"action_time": "2024-10-27T00:33:40.525Z", "user": 1, "content_type": 15, "object_id": "1", "object_repr": "DDR4", "action_flag": 1, "change_message": "[{\"added\": {}}]"}}, {"model": "admin.logentry", "pk": 13, "fields": {"action_time": "2024-10-27T00:33:45.657Z", "user": 1, "content_type": 15, "object_id": "2", "object_repr": "DDR5", "action_flag": 1, "change_message": "[{\"added\": {}}]"}}, {"model": "admin.logentry", "pk": 14, "fields": {"action_time": "2024-10-27T00:34:02.803Z", "user": 1, "content_type": 14, "object_id": "1", "object_repr": "2133 MHz", "action_flag": 1, "change_message": "[{\"added\": {}}]"}}, {"model": "admin.logentry", "pk": 15, "fields": {"action_time": "2024-10-27T00:34:10.918Z", "user": 1, "content_type": 22, "object_id": "1", "object_repr": "TRX40 AORUS MASTER", "action_flag": 1, "change_message": "[{\"added\": {}}]"}}, {"model": "admin.logentry", "pk": 16, "fields": {"action_time": "2024-10-27T00:34:55.785Z", "user": 1, "content_type": 9, "object_id": "4", "object_repr": "ASUS", "action_flag": 1, "change_message": "[{\"added\": {}}]"}}, {"model": "admin.logentry", "pk": 17, "fields": {"action_time": "2024-10-27T00:35:04.638Z", "user": 1, "content_type": 8, "object_id": "4", "object_repr": "AM4", "action_flag": 1, "change_message": "[{\"added\": {}}]"}}, {"model": "admin.logentry", "pk": 18, "fields": {"action_time": "2024-10-27T00:35:14.830Z", "user": 1, "content_type": 17, "object_id": "2", "object_repr": "ATX", "action_flag": 1, "change_message": "[{\"added\": {}}]"}}, {"model": "admin.logentry", "pk": 19, "fields": {"action_time": "2024-10-27T00:36:28.029Z", "user": 1, "content_type": 14, "object_id": "2", "object_repr": "4400 MHz", "action_flag": 1, "change_message": "[{\"added\": {}}]"}}, {"model": "admin.logentry", "pk": 20, "fields": {"action_time": "2024-10-27T00:36:30.816Z", "user": 1, "content_type": 22, "object_id": "2", "object_repr": "TUF GAMING X570-PLUS (WI-FI)", "action_flag": 1, "change_message": "[{\"added\": {}}]"}}, {"model": "admin.logentry", "pk": 21, "fields": {"action_time": "2024-10-27T00:39:06.564Z", "user": 1, "content_type": 14, "object_id": "3", "object_repr": "8200 MHz", "action_flag": 1, "change_message": "[{\"added\": {}}]"}}, {"model": "admin.logentry", "pk": 22, "fields": {"action_time": "2024-10-27T00:39:39.319Z", "user": 1, "content_type": 12, "object_id": "1", "object_repr": "8 GB", "action_flag": 1, "change_message": "[{\"added\": {}}]"}}, {"model": "admin.logentry", "pk": 23, "fields": {"action_time": "2024-10-27T00:39:43.539Z", "user": 1, "content_type": 12, "object_id": "2", "object_repr": "16 GB", "action_flag": 1, "change_message": "[{\"added\": {}}]"}}, {"model": "admin.logentry", "pk": 24, "fields": {"action_time": "2024-10-27T00:39:50.367Z", "user": 1, "content_type": 12, "object_id": "3", "object_repr": "24 GB", "action_flag": 1, "change_message": "[{\"added\": {}}]"}}, {"model": "admin.logentry", "pk": 25, "fields": {"action_time": "2024-10-27T00:39:57.400Z", "user": 1, "content_type": 12, "object_id": "4", "object_repr": "32 GB", "action_flag": 1, "change_message": "[{\"added\": {}}]"}}, {"model": "admin.logentry", "pk": 26, "fields": {"action_time": "2024-10-27T00:40:18.451Z", "user": 1, "content_type": 13, "object_id": "1", "object_repr": "1", "action_flag": 1, "change_message": "[{\"added\": {}}]"}}, {"model": "admin.logentry", "pk": 27, "fields": {"action_time": "2024-10-27T00:40:22.321Z", "user": 1, "content_type": 13, "object_id": "2", "object_repr": "2", "action_flag": 1, "change_message": "[{\"added\": {}}]"}}, {"model": "admin.logentry", "pk": 28, "fields": {"action_time": "2024-10-27T00:40:26.233Z", "user": 1, "content_type": 21, "object_id": "1", "object_repr": "DDR5 8200 MHz - 2 x 24 GB", "action_flag": 1, "change_message": "[{\"added\": {}}]"}}, {"model": "admin.logentry", "pk": 29, "fields": {"action_time": "2024-10-27T00:41:36.535Z", "user": 1, "content_type": 14, "object_id": "4", "object_repr": "6400 MHz", "action_flag": 1, "change_message": "[{\"added\": {}}]"}}, {"model": "admin.logentry", "pk": 30, "fields": {"action_time": "2024-10-27T00:41:50.422Z", "user": 1, "content_type": 21, "object_id": "2", "object_repr": "DDR4 6400 MHz - 2 x 16 GB", "action_flag": 1, "change_message": "[{\"added\": {}}]"}}, {"model": "admin.logentry", "pk": 31, "fields": {"action_time": "2024-10-27T00:42:40.423Z", "user": 1, "content_type": 17, "object_id": "3", "object_repr": "M.2-2280", "action_flag": 1, "change_message": "[{\"added\": {}}]"}}, {"model": "admin.logentry", "pk": 32, "fields": {"action_time": "2024-10-27T00:42:53.489Z", "user": 1, "content_type": 16, "object_id": "1", "object_repr": "1 TB", "action_flag": 1, "change_message": "[{\"added\": {}}]"}}, {"model": "admin.logentry", "pk": 33, "fields": {"action_time": "2024-10-27T00:42:58.828Z", "user": 1, "content_type": 18, "object_id": "1", "object_repr": "SSD", "action_flag": 1, "change_message": "[{\"added\": {}}]"}}, {"model": "admin.logentry", "pk": 34, "fields": {"action_time": "2024-10-27T00:43:05.516Z", "user": 1, "content_type": 18, "object_id": "2", "object_repr": "HHD", "action_flag": 1, "change_message": "[{\"added\": {}}]"}}, {"model": "admin.logentry", "pk": 35, "fields": {"action_time": "2024-10-27T00:43:18.708Z", "user": 1, "content_type": 19, "object_id": "1", "object_repr": "970 EVO - M.2-2280 - 1 TB", "action_flag": 1, "change_message": "[{\"added\": {}}]"}}, {"model": "admin.logentry", "pk": 36, "fields": {"action_time": "2024-10-27T00:43:47.493Z", "user": 1, "content_type": 17, "object_id": "4", "object_repr": "3.5", "action_flag": 1, "change_message": "[{\"added\": {}}]"}}, {"model": "admin.logentry", "pk": 37, "fields": {"action_time": "2024-10-27T00:43:54.141Z", "user": 1, "content_type": 17, "object_id": "5", "object_repr": "3.5 \"", "action_flag": 1, "change_message": "[{\"added\": {}}]"}}, {"model": "admin.logentry", "pk": 38, "fields": {"action_time": "2024-10-27T00:44:00.219Z", "user": 1, "content_type": 17, "object_id": "5", "object_repr": "3.5\"", "action_flag": 2, "change_message": "[{\"changed\": {\"fields\": [\"Name\"]}}]"}}, {"model": "admin.logentry", "pk": 39, "fields": {"action_time": "2024-10-27T00:44:11.880Z", "user": 1, "content_type": 16, "object_id": "2", "object_repr": "2 TB", "action_flag": 1, "change_message": "[{\"added\": {}}]"}}, {"model": "admin.logentry", "pk": 40, "fields": {"action_time": "2024-10-27T00:44:18.379Z", "user": 1, "content_type": 19, "object_id": "2", "object_repr": "Seagate BarraCuda - 3.5\" - 2 TB", "action_flag": 1, "change_message": "[{\"added\": {}}]"}}, {"model": "admin.logentry", "pk": 41, "fields": {"action_time": "2024-10-27T00:46:09.007Z", "user": 1, "content_type": 17, "object_id": "6", "object_repr": "2.5\"", "action_flag": 1, "change_message": "[{\"added\": {}}]"}}, {"model": "admin.logentry", "pk": 42, "fields": {"action_time": "2024-10-27T00:46:20.189Z", "user": 1, "content_type": 16, "object_id": "3", "object_repr": "240 GB", "action_flag": 1, "change_message": "[{\"added\": {}}]"}}, {"model": "admin.logentry", "pk": 43, "fields": {"action_time": "2024-10-27T00:46:24.940Z", "user": 1, "content_type": 19, "object_id": "3", "object_repr": "Kingston A400 - 2.5\" - 240 GB", "action_flag": 1, "change_message": "[{\"added\": {}}]"}}, {"model": "admin.logentry", "pk": 44, "fields": {"action_time": "2024-10-27T00:50:59.294Z", "user": 1, "content_type": 10, "object_id": "3", "object_repr": "Zen 3", "action_flag": 1, "change_message": "[{\"added\": {}}]"}}, {"model": "admin.logentry", "pk": 45, "fields": {"action_time": "2024-10-27T00:51:11.456Z", "user": 1, "content_type": 23, "object_id": "3", "object_repr": "Ryzen 9 5900X", "action_flag": 1, "change_message": "[{\"added\": {}}]"}}, {"model": "admin.logentry", "pk": 46, "fields": {"action_time": "2024-10-27T00:53:29.715Z", "user": 1, "content_type": 22, "object_id": "3", "object_repr": "Gigabyte Z790", "action_flag": 1, "change_message": "[{\"added\": {}}]"}}, {"model": "admin.logentry", "pk": 47, "fields": {"action_time": "2024-10-27T00:58:46.535Z", "user": 1, "content_type": 7, "object_id": "1", "object_repr": "Build object (1)", "action_flag": 1, "change_message": "[{\"added\": {}}, {\"added\": {\"name\": \"build ram\", \"object\": \"BuildRAM object (1)\"}}]"}}, {"model": "auth.permission", "pk": 1, "fields": {"name": "Can add log entry", "content_type": 1, "codename": "add_logentry"}}, {"model": "auth.permission", "pk": 2, "fields": {"name": "Can change log entry", "content_type": 1, "codename": "change_logentry"}}, {"model": "auth.permission", "pk": 3, "fields": {"name": "Can delete log entry", "content_type": 1, "codename": "delete_logentry"}}, {"model": "auth.permission", "pk": 4, "fields": {"name": "Can view log entry", "content_type": 1, "codename": "view_logentry"}}, {"model": "auth.permission", "pk": 5, "fields": {"name": "Can add permission", "content_type": 2, "codename": "add_permission"}}, {"model": "auth.permission", "pk": 6, "fields": {"name": "Can change permission", "content_type": 2, "codename": "change_permission"}}, {"model": "auth.permission", "pk": 7, "fields": {"name": "Can delete permission", "content_type": 2, "codename": "delete_permission"}}, {"model": "auth.permission", "pk": 8, "fields": {"name": "Can view permission", "content_type": 2, "codename": "view_permission"}}, {"model": "auth.permission", "pk": 9, "fields": {"name": "Can add group", "content_type": 3, "codename": "add_group"}}, {"model": "auth.permission", "pk": 10, "fields": {"name": "Can change group", "content_type": 3, "codename": "change_group"}}, {"model": "auth.permission", "pk": 11, "fields": {"name": "Can delete group", "content_type": 3, "codename": "delete_group"}}, {"model": "auth.permission", "pk": 12, "fields": {"name": "Can view group", "content_type": 3, "codename": "view_group"}}, {"model": "auth.permission", "pk": 13, "fields": {"name": "Can add user", "content_type": 4, "codename": "add_user"}}, {"model": "auth.permission", "pk": 14, "fields": {"name": "Can change user", "content_type": 4, "codename": "change_user"}}, {"model": "auth.permission", "pk": 15, "fields": {"name": "Can delete user", "content_type": 4, "codename": "delete_user"}}, {"model": "auth.permission", "pk": 16, "fields": {"name": "Can view user", "content_type": 4, "codename": "view_user"}}, {"model": "auth.permission", "pk": 17, "fields": {"name": "Can add content type", "content_type": 5, "codename": "add_contenttype"}}, {"model": "auth.permission", "pk": 18, "fields": {"name": "Can change content type", "content_type": 5, "codename": "change_contenttype"}}, {"model": "auth.permission", "pk": 19, "fields": {"name": "Can delete content type", "content_type": 5, "codename": "delete_contenttype"}}, {"model": "auth.permission", "pk": 20, "fields": {"name": "Can view content type", "content_type": 5, "codename": "view_contenttype"}}, {"model": "auth.permission", "pk": 21, "fields": {"name": "Can add session", "content_type": 6, "codename": "add_session"}}, {"model": "auth.permission", "pk": 22, "fields": {"name": "Can change session", "content_type": 6, "codename": "change_session"}}, {"model": "auth.permission", "pk": 23, "fields": {"name": "Can delete session", "content_type": 6, "codename": "delete_session"}}, {"model": "auth.permission", "pk": 24, "fields": {"name": "Can view session", "content_type": 6, "codename": "view_session"}}, {"model": "auth.permission", "pk": 25, "fields": {"name": "Can add build", "content_type": 7, "codename": "add_build"}}, {"model": "auth.permission", "pk": 26, "fields": {"name": "Can change build", "content_type": 7, "codename": "change_build"}}, {"model": "auth.permission", "pk": 27, "fields": {"name": "Can delete build", "content_type": 7, "codename": "delete_build"}}, {"model": "auth.permission", "pk": 28, "fields": {"name": "Can view build", "content_type": 7, "codename": "view_build"}}, {"model": "auth.permission", "pk": 29, "fields": {"name": "Can add cpu socket type", "content_type": 8, "codename": "add_cpusockettype"}}, {"model": "auth.permission", "pk": 30, "fields": {"name": "Can change cpu socket type", "content_type": 8, "codename": "change_cpusockettype"}}, {"model": "auth.permission", "pk": 31, "fields": {"name": "Can delete cpu socket type", "content_type": 8, "codename": "delete_cpusockettype"}}, {"model": "auth.permission", "pk": 32, "fields": {"name": "Can view cpu socket type", "content_type": 8, "codename": "view_cpusockettype"}}, {"model": "auth.permission", "pk": 33, "fields": {"name": "Can add manufacturer", "content_type": 9, "codename": "add_manufacturer"}}, {"model": "auth.permission", "pk": 34, "fields": {"name": "Can change manufacturer", "content_type": 9, "codename": "change_manufacturer"}}, {"model": "auth.permission", "pk": 35, "fields": {"name": "Can delete manufacturer", "content_type": 9, "codename": "delete_manufacturer"}}, {"model": "auth.permission", "pk": 36, "fields": {"name": "Can view manufacturer", "content_type": 9, "codename": "view_manufacturer"}}, {"model": "auth.permission", "pk": 37, "fields": {"name": "Can add microarchitecture", "content_type": 10, "codename": "add_microarchitecture"}}, {"model": "auth.permission", "pk": 38, "fields": {"name": "Can change microarchitecture", "content_type": 10, "codename": "change_microarchitecture"}}, {"model": "auth.permission", "pk": 39, "fields": {"name": "Can delete microarchitecture", "content_type": 10, "codename": "delete_microarchitecture"}}, {"model": "auth.permission", "pk": 40, "fields": {"name": "Can view microarchitecture", "content_type": 10, "codename": "view_microarchitecture"}}, {"model": "auth.permission", "pk": 41, "fields": {"name": "Can add profile", "content_type": 11, "codename": "add_profile"}}, {"model": "auth.permission", "pk": 42, "fields": {"name": "Can change profile", "content_type": 11, "codename": "change_profile"}}, {"model": "auth.permission", "pk": 43, "fields": {"name": "Can delete profile", "content_type": 11, "codename": "delete_profile"}}, {"model": "auth.permission", "pk": 44, "fields": {"name": "Can view profile", "content_type": 11, "codename": "view_profile"}}, {"model": "auth.permission", "pk": 45, "fields": {"name": "Can add ram capacity", "content_type": 12, "codename": "add_ramcapacity"}}, {"model": "auth.permission", "pk": 46, "fields": {"name": "Can change ram capacity", "content_type": 12, "codename": "change_ramcapacity"}}, {"model": "auth.permission", "pk": 47, "fields": {"name": "Can delete ram capacity", "content_type": 12, "codename": "delete_ramcapacity"}}, {"model": "auth.permission", "pk": 48, "fields": {"name": "Can view ram capacity", "content_type": 12, "codename": "view_ramcapacity"}}, {"model": "auth.permission", "pk": 49, "fields": {"name": "Can add ram number of modules", "content_type": 13, "codename": "add_ramnumberofmodules"}}, {"model": "auth.permission", "pk": 50, "fields": {"name": "Can change ram number of modules", "content_type": 13, "codename": "change_ramnumberofmodules"}}, {"model": "auth.permission", "pk": 51, "fields": {"name": "Can delete ram number of modules", "content_type": 13, "codename": "delete_ramnumberofmodules"}}, {"model": "auth.permission", "pk": 52, "fields": {"name": "Can view ram number of modules", "content_type": 13, "codename": "view_ramnumberofmodules"}}, {"model": "auth.permission", "pk": 53, "fields": {"name": "Can add ram speed", "content_type": 14, "codename": "add_ramspeed"}}, {"model": "auth.permission", "pk": 54, "fields": {"name": "Can change ram speed", "content_type": 14, "codename": "change_ramspeed"}}, {"model": "auth.permission", "pk": 55, "fields": {"name": "Can delete ram speed", "content_type": 14, "codename": "delete_ramspeed"}}, {"model": "auth.permission", "pk": 56, "fields": {"name": "Can view ram speed", "content_type": 14, "codename": "view_ramspeed"}}, {"model": "auth.permission", "pk": 57, "fields": {"name": "Can add ram type", "content_type": 15, "codename": "add_ramtype"}}, {"model": "auth.permission", "pk": 58, "fields": {"name": "Can change ram type", "content_type": 15, "codename": "change_ramtype"}}, {"model": "auth.permission", "pk": 59, "fields": {"name": "Can delete ram type", "content_type": 15, "codename": "delete_ramtype"}}, {"model": "auth.permission", "pk": 60, "fields": {"name": "Can view ram type", "content_type": 15, "codename": "view_ramtype"}}, {"model": "auth.permission", "pk": 61, "fields": {"name": "Can add storage capacity", "content_type": 16, "codename": "add_storagecapacity"}}, {"model": "auth.permission", "pk": 62, "fields": {"name": "Can change storage capacity", "content_type": 16, "codename": "change_storagecapacity"}}, {"model": "auth.permission", "pk": 63, "fields": {"name": "Can delete storage capacity", "content_type": 16, "codename": "delete_storagecapacity"}}, {"model": "auth.permission", "pk": 64, "fields": {"name": "Can view storage capacity", "content_type": 16, "codename": "view_storagecapacity"}}, {"model": "auth.permission", "pk": 65, "fields": {"name": "Can add storage form factor", "content_type": 17, "codename": "add_storageformfactor"}}, {"model": "auth.permission", "pk": 66, "fields": {"name": "Can change storage form factor", "content_type": 17, "codename": "change_storageformfactor"}}, {"model": "auth.permission", "pk": 67, "fields": {"name": "Can delete storage form factor", "content_type": 17, "codename": "delete_storageformfactor"}}, {"model": "auth.permission", "pk": 68, "fields": {"name": "Can view storage form factor", "content_type": 17, "codename": "view_storageformfactor"}}, {"model": "auth.permission", "pk": 69, "fields": {"name": "Can add storage type", "content_type": 18, "codename": "add_storagetype"}}, {"model": "auth.permission", "pk": 70, "fields": {"name": "Can change storage type", "content_type": 18, "codename": "change_storagetype"}}, {"model": "auth.permission", "pk": 71, "fields": {"name": "Can delete storage type", "content_type": 18, "codename": "delete_storagetype"}}, {"model": "auth.permission", "pk": 72, "fields": {"name": "Can view storage type", "content_type": 18, "codename": "view_storagetype"}}, {"model": "auth.permission", "pk": 73, "fields": {"name": "Can add storage", "content_type": 19, "codename": "add_storage"}}, {"model": "auth.permission", "pk": 74, "fields": {"name": "Can change storage", "content_type": 19, "codename": "change_storage"}}, {"model": "auth.permission", "pk": 75, "fields": {"name": "Can delete storage", "content_type": 19, "codename": "delete_storage"}}, {"model": "auth.permission", "pk": 76, "fields": {"name": "Can view storage", "content_type": 19, "codename": "view_storage"}}, {"model": "auth.permission", "pk": 77, "fields": {"name": "Can add shopping_ cart", "content_type": 20, "codename": "add_shopping_cart"}}, {"model": "auth.permission", "pk": 78, "fields": {"name": "Can change shopping_ cart", "content_type": 20, "codename": "change_shopping_cart"}}, {"model": "auth.permission", "pk": 79, "fields": {"name": "Can delete shopping_ cart", "content_type": 20, "codename": "delete_shopping_cart"}}, {"model": "auth.permission", "pk": 80, "fields": {"name": "Can view shopping_ cart", "content_type": 20, "codename": "view_shopping_cart"}}, {"model": "auth.permission", "pk": 81, "fields": {"name": "Can add ram", "content_type": 21, "codename": "add_ram"}}, {"model": "auth.permission", "pk": 82, "fields": {"name": "Can change ram", "content_type": 21, "codename": "change_ram"}}, {"model": "auth.permission", "pk": 83, "fields": {"name": "Can delete ram", "content_type": 21, "codename": "delete_ram"}}, {"model": "auth.permission", "pk": 84, "fields": {"name": "Can view ram", "content_type": 21, "codename": "view_ram"}}, {"model": "auth.permission", "pk": 85, "fields": {"name": "Can add motherboard", "content_type": 22, "codename": "add_motherboard"}}, {"model": "auth.permission", "pk": 86, "fields": {"name": "Can change motherboard", "content_type": 22, "codename": "change_motherboard"}}, {"model": "auth.permission", "pk": 87, "fields": {"name": "Can delete motherboard", "content_type": 22, "codename": "delete_motherboard"}}, {"model": "auth.permission", "pk": 88, "fields": {"name": "Can view motherboard", "content_type": 22, "codename": "view_motherboard"}}, {"model": "auth.permission", "pk": 89, "fields": {"name": "Can add cpu", "content_type": 23, "codename": "add_cpu"}}, {"model": "auth.permission", "pk": 90, "fields": {"name": "Can change cpu", "content_type": 23, "codename": "change_cpu"}}, {"model": "auth.permission", "pk": 91, "fields": {"name": "Can delete cpu", "content_type": 23, "codename": "delete_cpu"}}, {"model": "auth.permission", "pk": 92, "fields": {"name": "Can view cpu", "content_type": 23, "codename": "view_cpu"}}, {"model": "auth.permission", "pk": 93, "fields": {"name": "Can add build ram", "content_type": 24, "codename": "add_buildram"}}, {"model": "auth.permission", "pk": 94, "fields": {"name": "Can change build ram", "content_type": 24, "codename": "change_buildram"}}, {"model": "auth.permission", "pk": 95, "fields": {"name": "Can delete build ram", "content_type": 24, "codename": "delete_buildram"}}, {"model": "auth.permission", "pk": 96, "fields": {"name": "Can view build ram", "content_type": 24, "codename": "view_buildram"}}, {"model": "auth.user", "pk": 1, "fields": {"password": "pbkdf2_sha256$600000$f5F0Rw1RNh6LQlmdDcUexQ$anVVyORrMt2jrEItBhbNYvmPIDSddIZl/p6msHLyQgA=", "last_login": "2024-10-27T00:20:00.413Z", "is_superuser": true, "username": "joelflinn", "first_name": "", "last_name": "", "email": "joelflinn@example.com", "is_staff": true, "is_active": true, "date_joined": "2024-10-27T00:19:46.581Z", "groups": [], "user_permissions": []}}, {"model": "auth.user", "pk": 2, "fields": {"password": "pbkdf2_sha256$870000$fNNFqJ9shoSVZXCTO3AiUa$bZdk6q0HPJsfOdIkZV9vInAnCCfQV6BycycEE/tZgbQ=", "last_login": "2024-10-28T18:13:04.200Z", "is_superuser": true, "username": "dbuck3", "first_name": "", "last_name": "", "email": "dbuck3@uccs.edu", "is_staff": true, "is_active": true, "date_joined": "2024-10-28T18:12:56.035Z", "groups": [], "user_permissions": []}}, {"model": "contenttypes.contenttype", "pk": 1, "fields": {"app_label": "admin", "model": "logentry"}}, {"model": "contenttypes.contenttype", "pk": 2, "fields": {"app_label": "auth", "model": "permission"}}, {"model": "contenttypes.contenttype", "pk": 3, "fields": {"app_label": "auth", "model": "group"}}, {"model": "contenttypes.contenttype", "pk": 4, "fields": {"app_label": "auth", "model": "user"}}, {"model": "contenttypes.contenttype", "pk": 5, "fields": {"app_label": "contenttypes", "model": "contenttype"}}, {"model": "contenttypes.contenttype", "pk": 6, "fields": {"app_label": "sessions", "model": "session"}}, {"model": "contenttypes.contenttype", "pk": 7, "fields": {"app_label": "home", "model": "build"}}, {"model": "contenttypes.contenttype", "pk": 8, "fields": {"app_label": "home", "model": "cpusockettype"}}, {"model": "contenttypes.contenttype", "pk": 9, "fields": {"app_label": "home", "model": "manufacturer"}}, {"model": "contenttypes.contenttype", "pk": 10, "fields": {"app_label": "home", "model": "microarchitecture"}}, {"model": "contenttypes.contenttype", "pk": 11, "fields": {"app_label": "home", "model": "profile"}}, {"model": "contenttypes.contenttype", "pk": 12, "fields": {"app_label": "home", "model": "ramcapacity"}}, {"model": "contenttypes.contenttype", "pk": 13, "fields": {"app_label": "home", "model": "ramnumberofmodules"}}, {"model": "contenttypes.contenttype", "pk": 14, "fields": {"app_label": "home", "model": "ramspeed"}}, {"model": "contenttypes.contenttype", "pk": 15, "fields": {"app_label": "home", "model": "ramtype"}}, {"model": "contenttypes.contenttype", "pk": 16, "fields": {"app_label": "home", "model": "storagecapacity"}}, {"model": "contenttypes.contenttype", "pk": 17, "fields": {"app_label": "home", "model": "storageformfactor"}}, {"model": "contenttypes.contenttype", "pk": 18, "fields": {"app_label": "home", "model": "storagetype"}}, {"model": "contenttypes.contenttype", "pk": 19, "fields": {"app_label": "home", "model": "storage"}}, {"model": "contenttypes.contenttype", "pk": 20, "fields": {"app_label": "home", "model": "shopping_cart"}}, {"model": "contenttypes.contenttype", "pk": 21, "fields": {"app_label": "home", "model": "ram"}}, {"model": "contenttypes.contenttype", "pk": 22, "fields": {"app_label": "home", "model": "motherboard"}}, {"model": "contenttypes.contenttype", "pk": 23, "fields": {"app_label": "home", "model": "cpu"}}, {"model": "contenttypes.contenttype", "pk": 24, "fields": {"app_label": "home", "model": "buildram"}}, {"model": "sessions.session", "pk": "6vgr9xl5vnajbu2uod3m5yyc22s3qc5t", "fields": {"session_data": ".eJxVjEEOwiAQRe_C2hCgQ-m4dO8ZCDCDVA0kpV0Z765NutDtf-_9l_BhW4vfOi9-JnEWRpx-txjSg-sO6B7qrcnU6rrMUe6KPGiX10b8vBzu30EJvXxrSzS5CNrZ0VitQGXOk6GgtGV0wBpiZs6o0Tg9WIxoEqQEiHm0A2fx_gDPEDeN:1t5UEi:mE3y3-Ss1MpymZD0fI6QkM3Iv_lgfLEU0jbFkyJ_5jA", "expire_date": "2024-11-11T18:13:04.217Z"}}, {"model": "sessions.session", "pk": "8ptjelltjtrgk3igopvwkurxexhewo8a", "fields": {"session_data": ".eJxVjEEOwiAQRe_C2hAoM1Pq0r1nIANDpWpKUtqV8e7apAvd_vfef6nA21rC1vISJlFnZdXpd4ucHnnegdx5vlWd6rwuU9S7og_a9LVKfl4O9--gcCvfGkfTCQB15IchOfDoCZAQwZqRhmQJTe6RuScUl8ECcnReGCNFYVLvD57qNsE:1t4r0i:BQDD5asgoF69TON8j4-F_oqJOENwmRKwzD_X_EqkYys", "expire_date": "2024-11-10T00:20:00.428Z"}}, {"model": "home.profile", "pk": 1, "fields": {"user": 1, "profile_name": ""}}, {"model": "home.profile", "pk": 2, "fields": {"user": 2, "profile_name": ""}}, {"model": "home.build", "pk": 1, "fields": {"name": "Build 1", "profile": 1, "is_complete": false, "motherboard": 3, "cpu": 1, "storage": 3}}, {"model": "home.buildram", "pk": 1, "fields": {"build": 1, "ram": 2}}, {"model": "home.ramtype", "pk": 1, "fields": {"type": "DDR4"}}, {"model": "home.ramtype", "pk": 2, "fields": {"type": "DDR5"}}, {"model": "home.ramspeed", "pk": 1, "fields": {"speed": "2133 MHz"}}, {"model": "home.ramspeed", "pk": 2, "fields": {"speed": "4400 MHz"}}, {"model": "home.ramspeed", "pk": 3, "fields": {"speed": "8200 MHz"}}, {"model": "home.ramspeed", "pk": 4, "fields": {"speed": "6400 MHz"}}, {"model": "home.ramcapacity", "pk": 1, "fields": {"capacity": "8 GB"}}, {"model": "home.ramcapacity", "pk": 2, "fields": {"capacity": "16 GB"}}, {"model": "home.ramcapacity", "pk": 3, "fields": {"capacity": "24 GB"}}, {"model": "home.ramcapacity", "pk": 4, "fields": {"capacity": "32 GB"}}, {"model": "home.ramnumberofmodules", "pk": 1, "fields": {"number_of_modules": 1}}, {"model": "home.ramnumberofmodules", "pk": 2, "fields": {"number_of_modules": 2}}, {"model": "home.ram", "pk": 1, "fields": {"ram_type": 2, "ram_speed": 3, "ram_capacity": 3, "ram_number_of_modules": 2}}, {"model": "home.ram", "pk": 2, "fields": {"ram_type": 1, "ram_speed": 4, "ram_capacity": 2, "ram_number_of_modules": 2}}, {"model": "home.manufacturer", "pk": 1, "fields": {"name": "Intel"}}, {"model": "home.manufacturer", "pk": 2, "fields": {"name": "AMD"}}, {"model": "home.manufacturer", "pk": 3, "fields": {"name": "Gigabyte"}}, {"model": "home.manufacturer", "pk": 4, "fields": {"name": "ASUS"}}, {"model": "home.cpusockettype", "pk": 1, "fields": {"name": "LGA 1700"}}, {"model": "home.cpusockettype", "pk": 2, "fields": {"name": "AM5"}}, {"model": "home.cpusockettype", "pk": 3, "fields": {"name": "sTRX4"}}, {"model": "home.cpusockettype", "pk": 4, "fields": {"name": "AM4"}}, {"model": "home.storageformfactor", "pk": 1, "fields": {"name": "Extended ATX"}}, {"model": "home.storageformfactor", "pk": 2, "fields": {"name": "ATX"}}, {"model": "home.storageformfactor", "pk": 3, "fields": {"name": "M.2-2280"}}, {"model": "home.storageformfactor", "pk": 4, "fields": {"name": "3.5"}}, {"model": "home.storageformfactor", "pk": 5, "fields": {"name": "3.5\""}}, {"model": "home.storageformfactor", "pk": 6, "fields": {"name": "2.5\""}}, {"model": "home.motherboard", "pk": 1, "fields": {"name": "TRX40 AORUS MASTER", "motherboard_manufacturer": 3, "cpu_socket_type": 3, "memory_slots": 4, "storage_form_factor": 1, "max_memory_capacity": 128, "supported_ram_types": [1], "supported_ram_speeds": [1]}}, {"model": "home.motherboard", "pk": 2, "fields": {"name": "TUF GAMING X570-PLUS (WI-FI)", "motherboard_manufacturer": 4, "cpu_socket_type": 4, "memory_slots": 4, "storage_form_factor": 2, "max_memory_capacity": 128, "supported_ram_types": [1], "supported_ram_speeds": [2]}}, {"model": "home.motherboard", "pk": 3, "fields": {"name": "Gigabyte Z790", "motherboard_manufacturer": 3, "cpu_socket_type": 1, "memory_slots": 4, "storage_form_factor": 2, "max_memory_capacity": 128, "supported_ram_types": [1], "supported_ram_speeds": [1]}}, {"model": "home.microarchitecture", "pk": 1, "fields": {"name": "Raptor Lake Refresh"}}, {"model": "home.microarchitecture", "pk": 2, "fields": {"name": "Zen 4"}}, {"model": "home.microarchitecture", "pk": 3, "fields": {"name": "Zen 3"}}, {"model": "home.cpu", "pk": 1, "fields": {"cpu_name": "Core i9-14900KF", "cpu_manufacturer": 1, "cpu_microarchitecture": 1, "socket_type": 1}}, {"model": "home.cpu", "pk": 2, "fields": {"cpu_name": "Ryzen 9 7950X", "cpu_manufacturer": 2, "cpu_microarchitecture": 2, "socket_type": 2}}, {"model": "home.cpu", "pk": 3, "fields": {"cpu_name": "Ryzen 9 5900X", "cpu_manufacturer": 2, "cpu_microarchitecture": 3, "socket_type": 4}}, {"model": "home.storagecapacity", "pk": 1, "fields": {"capacity": "1 TB"}}, {"model": "home.storagecapacity", "pk": 2, "fields": {"capacity": "2 TB"}}, {"model": "home.storagecapacity", "pk": 3, "fields": {"capacity": "240 GB"}}, {"model": "home.storagetype", "pk": 1, "fields": {"type": "SSD"}}, {"model": "home.storagetype", "pk": 2, "fields": {"type": "HHD"}}, {"model": "home.storage", "pk": 1, "fields": {"name": "970 EVO", "storage_form_factor": 3, "storage_capacity": 1, "storage_type": 1}}, {"model": "home.storage", "pk": 2, "fields": {"name": "Seagate BarraCuda", "storage_form_factor": 5, "storage_capacity": 2, "storage_type": 2}}, {"model": "home.storage", "pk": 3, "fields": {"name": "Kingston A400", "storage_form_factor": 6, "storage_capacity": 3, "storage_type": 1}}]