[{"model": "auth.permission", "pk": 1, "fields": {"name": "Can add log entry", "content_type": 1, "codename": "add_logentry"}}, {"model": "auth.permission", "pk": 2, "fields": {"name": "Can change log entry", "content_type": 1, "codename": "change_logentry"}}, {"model": "auth.permission", "pk": 3, "fields": {"name": "Can delete log entry", "content_type": 1, "codename": "delete_logentry"}}, {"model": "auth.permission", "pk": 4, "fields": {"name": "Can view log entry", "content_type": 1, "codename": "view_logentry"}}, {"model": "auth.permission", "pk": 5, "fields": {"name": "Can add permission", "content_type": 2, "codename": "add_permission"}}, {"model": "auth.permission", "pk": 6, "fields": {"name": "Can change permission", "content_type": 2, "codename": "change_permission"}}, {"model": "auth.permission", "pk": 7, "fields": {"name": "Can delete permission", "content_type": 2, "codename": "delete_permission"}}, {"model": "auth.permission", "pk": 8, "fields": {"name": "Can view permission", "content_type": 2, "codename": "view_permission"}}, {"model": "auth.permission", "pk": 9, "fields": {"name": "Can add group", "content_type": 3, "codename": "add_group"}}, {"model": "auth.permission", "pk": 10, "fields": {"name": "Can change group", "content_type": 3, "codename": "change_group"}}, {"model": "auth.permission", "pk": 11, "fields": {"name": "Can delete group", "content_type": 3, "codename": "delete_group"}}, {"model": "auth.permission", "pk": 12, "fields": {"name": "Can view group", "content_type": 3, "codename": "view_group"}}, {"model": "auth.permission", "pk": 13, "fields": {"name": "Can add user", "content_type": 4, "codename": "add_user"}}, {"model": "auth.permission", "pk": 14, "fields": {"name": "Can change user", "content_type": 4, "codename": "change_user"}}, {"model": "auth.permission", "pk": 15, "fields": {"name": "Can delete user", "content_type": 4, "codename": "delete_user"}}, {"model": "auth.permission", "pk": 16, "fields": {"name": "Can view user", "content_type": 4, "codename": "view_user"}}, {"model": "auth.permission", "pk": 17, "fields": {"name": "Can add content type", "content_type": 5, "codename": "add_contenttype"}}, {"model": "auth.permission", "pk": 18, "fields": {"name": "Can change content type", "content_type": 5, "codename": "change_contenttype"}}, {"model": "auth.permission", "pk": 19, "fields": {"name": "Can delete content type", "content_type": 5, "codename": "delete_contenttype"}}, {"model": "auth.permission", "pk": 20, "fields": {"name": "Can view content type", "content_type": 5, "codename": "view_contenttype"}}, {"model": "auth.permission", "pk": 21, "fields": {"name": "Can add session", "content_type": 6, "codename": "add_session"}}, {"model": "auth.permission", "pk": 22, "fields": {"name": "Can change session", "content_type": 6, "codename": "change_session"}}, {"model": "auth.permission", "pk": 23, "fields": {"name": "Can delete session", "content_type": 6, "codename": "delete_session"}}, {"model": "auth.permission", "pk": 24, "fields": {"name": "Can view session", "content_type": 6, "codename": "view_session"}}, {"model": "auth.permission", "pk": 25, "fields": {"name": "Can add cpu socket type", "content_type": 7, "codename": "add_cpusockettype"}}, {"model": "auth.permission", "pk": 26, "fields": {"name": "Can change cpu socket type", "content_type": 7, "codename": "change_cpusockettype"}}, {"model": "auth.permission", "pk": 27, "fields": {"name": "Can delete cpu socket type", "content_type": 7, "codename": "delete_cpusockettype"}}, {"model": "auth.permission", "pk": 28, "fields": {"name": "Can view cpu socket type", "content_type": 7, "codename": "view_cpusockettype"}}, {"model": "auth.permission", "pk": 29, "fields": {"name": "Can add form factor", "content_type": 8, "codename": "add_formfactor"}}, {"model": "auth.permission", "pk": 30, "fields": {"name": "Can change form factor", "content_type": 8, "codename": "change_formfactor"}}, {"model": "auth.permission", "pk": 31, "fields": {"name": "Can delete form factor", "content_type": 8, "codename": "delete_formfactor"}}, {"model": "auth.permission", "pk": 32, "fields": {"name": "Can view form factor", "content_type": 8, "codename": "view_formfactor"}}, {"model": "auth.permission", "pk": 33, "fields": {"name": "Can add manufacturer", "content_type": 9, "codename": "add_manufacturer"}}, {"model": "auth.permission", "pk": 34, "fields": {"name": "Can change manufacturer", "content_type": 9, "codename": "change_manufacturer"}}, {"model": "auth.permission", "pk": 35, "fields": {"name": "Can delete manufacturer", "content_type": 9, "codename": "delete_manufacturer"}}, {"model": "auth.permission", "pk": 36, "fields": {"name": "Can view manufacturer", "content_type": 9, "codename": "view_manufacturer"}}, {"model": "auth.permission", "pk": 37, "fields": {"name": "Can add microarchitecture", "content_type": 10, "codename": "add_microarchitecture"}}, {"model": "auth.permission", "pk": 38, "fields": {"name": "Can change microarchitecture", "content_type": 10, "codename": "change_microarchitecture"}}, {"model": "auth.permission", "pk": 39, "fields": {"name": "Can delete microarchitecture", "content_type": 10, "codename": "delete_microarchitecture"}}, {"model": "auth.permission", "pk": 40, "fields": {"name": "Can view microarchitecture", "content_type": 10, "codename": "view_microarchitecture"}}, {"model": "auth.permission", "pk": 41, "fields": {"name": "Can add cpu", "content_type": 11, "codename": "add_cpu"}}, {"model": "auth.permission", "pk": 42, "fields": {"name": "Can change cpu", "content_type": 11, "codename": "change_cpu"}}, {"model": "auth.permission", "pk": 43, "fields": {"name": "Can delete cpu", "content_type": 11, "codename": "delete_cpu"}}, {"model": "auth.permission", "pk": 44, "fields": {"name": "Can view cpu", "content_type": 11, "codename": "view_cpu"}}, {"model": "auth.permission", "pk": 45, "fields": {"name": "Can add motherboard", "content_type": 12, "codename": "add_motherboard"}}, {"model": "auth.permission", "pk": 46, "fields": {"name": "Can change motherboard", "content_type": 12, "codename": "change_motherboard"}}, {"model": "auth.permission", "pk": 47, "fields": {"name": "Can delete motherboard", "content_type": 12, "codename": "delete_motherboard"}}, {"model": "auth.permission", "pk": 48, "fields": {"name": "Can view motherboard", "content_type": 12, "codename": "view_motherboard"}}, {"model": "auth.permission", "pk": 49, "fields": {"name": "Can add cpu motherboard compatibility", "content_type": 13, "codename": "add_cpumotherboardcompatibility"}}, {"model": "auth.permission", "pk": 50, "fields": {"name": "Can change cpu motherboard compatibility", "content_type": 13, "codename": "change_cpumotherboardcompatibility"}}, {"model": "auth.permission", "pk": 51, "fields": {"name": "Can delete cpu motherboard compatibility", "content_type": 13, "codename": "delete_cpumotherboardcompatibility"}}, {"model": "auth.permission", "pk": 52, "fields": {"name": "Can view cpu motherboard compatibility", "content_type": 13, "codename": "view_cpumotherboardcompatibility"}}, {"model": "auth.permission", "pk": 53, "fields": {"name": "Can add profile", "content_type": 14, "codename": "add_profile"}}, {"model": "auth.permission", "pk": 54, "fields": {"name": "Can change profile", "content_type": 14, "codename": "change_profile"}}, {"model": "auth.permission", "pk": 55, "fields": {"name": "Can delete profile", "content_type": 14, "codename": "delete_profile"}}, {"model": "auth.permission", "pk": 56, "fields": {"name": "Can view profile", "content_type": 14, "codename": "view_profile"}}, {"model": "auth.permission", "pk": 57, "fields": {"name": "Can add build", "content_type": 15, "codename": "add_build"}}, {"model": "auth.permission", "pk": 58, "fields": {"name": "Can change build", "content_type": 15, "codename": "change_build"}}, {"model": "auth.permission", "pk": 59, "fields": {"name": "Can delete build", "content_type": 15, "codename": "delete_build"}}, {"model": "auth.permission", "pk": 60, "fields": {"name": "Can view build", "content_type": 15, "codename": "view_build"}}, {"model": "auth.permission", "pk": 61, "fields": {"name": "Can add ram", "content_type": 16, "codename": "add_ram"}}, {"model": "auth.permission", "pk": 62, "fields": {"name": "Can change ram", "content_type": 16, "codename": "change_ram"}}, {"model": "auth.permission", "pk": 63, "fields": {"name": "Can delete ram", "content_type": 16, "codename": "delete_ram"}}, {"model": "auth.permission", "pk": 64, "fields": {"name": "Can view ram", "content_type": 16, "codename": "view_ram"}}, {"model": "auth.permission", "pk": 65, "fields": {"name": "Can add build ram", "content_type": 17, "codename": "add_buildram"}}, {"model": "auth.permission", "pk": 66, "fields": {"name": "Can change build ram", "content_type": 17, "codename": "change_buildram"}}, {"model": "auth.permission", "pk": 67, "fields": {"name": "Can delete build ram", "content_type": 17, "codename": "delete_buildram"}}, {"model": "auth.permission", "pk": 68, "fields": {"name": "Can view build ram", "content_type": 17, "codename": "view_buildram"}}, {"model": "auth.permission", "pk": 69, "fields": {"name": "Can add ram capacity", "content_type": 18, "codename": "add_ramcapacity"}}, {"model": "auth.permission", "pk": 70, "fields": {"name": "Can change ram capacity", "content_type": 18, "codename": "change_ramcapacity"}}, {"model": "auth.permission", "pk": 71, "fields": {"name": "Can delete ram capacity", "content_type": 18, "codename": "delete_ramcapacity"}}, {"model": "auth.permission", "pk": 72, "fields": {"name": "Can view ram capacity", "content_type": 18, "codename": "view_ramcapacity"}}, {"model": "auth.permission", "pk": 73, "fields": {"name": "Can add ram number of modules", "content_type": 19, "codename": "add_ramnumberofmodules"}}, {"model": "auth.permission", "pk": 74, "fields": {"name": "Can change ram number of modules", "content_type": 19, "codename": "change_ramnumberofmodules"}}, {"model": "auth.permission", "pk": 75, "fields": {"name": "Can delete ram number of modules", "content_type": 19, "codename": "delete_ramnumberofmodules"}}, {"model": "auth.permission", "pk": 76, "fields": {"name": "Can view ram number of modules", "content_type": 19, "codename": "view_ramnumberofmodules"}}, {"model": "auth.permission", "pk": 77, "fields": {"name": "Can add ram speed", "content_type": 20, "codename": "add_ramspeed"}}, {"model": "auth.permission", "pk": 78, "fields": {"name": "Can change ram speed", "content_type": 20, "codename": "change_ramspeed"}}, {"model": "auth.permission", "pk": 79, "fields": {"name": "Can delete ram speed", "content_type": 20, "codename": "delete_ramspeed"}}, {"model": "auth.permission", "pk": 80, "fields": {"name": "Can view ram speed", "content_type": 20, "codename": "view_ramspeed"}}, {"model": "auth.permission", "pk": 81, "fields": {"name": "Can add ram type", "content_type": 21, "codename": "add_ramtype"}}, {"model": "auth.permission", "pk": 82, "fields": {"name": "Can change ram type", "content_type": 21, "codename": "change_ramtype"}}, {"model": "auth.permission", "pk": 83, "fields": {"name": "Can delete ram type", "content_type": 21, "codename": "delete_ramtype"}}, {"model": "auth.permission", "pk": 84, "fields": {"name": "Can view ram type", "content_type": 21, "codename": "view_ramtype"}}, {"model": "auth.permission", "pk": 85, "fields": {"name": "Can add shopping cart", "content_type": 22, "codename": "add_shoppingcart"}}, {"model": "auth.permission", "pk": 86, "fields": {"name": "Can change shopping cart", "content_type": 22, "codename": "change_shoppingcart"}}, {"model": "auth.permission", "pk": 87, "fields": {"name": "Can delete shopping cart", "content_type": 22, "codename": "delete_shoppingcart"}}, {"model": "auth.permission", "pk": 88, "fields": {"name": "Can view shopping cart", "content_type": 22, "codename": "view_shoppingcart"}}, {"model": "auth.permission", "pk": 89, "fields": {"name": "Can add storage", "content_type": 23, "codename": "add_storage"}}, {"model": "auth.permission", "pk": 90, "fields": {"name": "Can change storage", "content_type": 23, "codename": "change_storage"}}, {"model": "auth.permission", "pk": 91, "fields": {"name": "Can delete storage", "content_type": 23, "codename": "delete_storage"}}, {"model": "auth.permission", "pk": 92, "fields": {"name": "Can view storage", "content_type": 23, "codename": "view_storage"}}, {"model": "auth.permission", "pk": 93, "fields": {"name": "Can add build storage configuration", "content_type": 24, "codename": "add_buildstorageconfiguration"}}, {"model": "auth.permission", "pk": 94, "fields": {"name": "Can change build storage configuration", "content_type": 24, "codename": "change_buildstorageconfiguration"}}, {"model": "auth.permission", "pk": 95, "fields": {"name": "Can delete build storage configuration", "content_type": 24, "codename": "delete_buildstorageconfiguration"}}, {"model": "auth.permission", "pk": 96, "fields": {"name": "Can view build storage configuration", "content_type": 24, "codename": "view_buildstorageconfiguration"}}, {"model": "auth.permission", "pk": 97, "fields": {"name": "Can add storage capacity", "content_type": 25, "codename": "add_storagecapacity"}}, {"model": "auth.permission", "pk": 98, "fields": {"name": "Can change storage capacity", "content_type": 25, "codename": "change_storagecapacity"}}, {"model": "auth.permission", "pk": 99, "fields": {"name": "Can delete storage capacity", "content_type": 25, "codename": "delete_storagecapacity"}}, {"model": "auth.permission", "pk": 100, "fields": {"name": "Can view storage capacity", "content_type": 25, "codename": "view_storagecapacity"}}, {"model": "auth.permission", "pk": 101, "fields": {"name": "Can add storage type", "content_type": 26, "codename": "add_storagetype"}}, {"model": "auth.permission", "pk": 102, "fields": {"name": "Can change storage type", "content_type": 26, "codename": "change_storagetype"}}, {"model": "auth.permission", "pk": 103, "fields": {"name": "Can delete storage type", "content_type": 26, "codename": "delete_storagetype"}}, {"model": "auth.permission", "pk": 104, "fields": {"name": "Can view storage type", "content_type": 26, "codename": "view_storagetype"}}, {"model": "auth.permission", "pk": 105, "fields": {"name": "Can add supported ram configuration", "content_type": 27, "codename": "add_supportedramconfiguration"}}, {"model": "auth.permission", "pk": 106, "fields": {"name": "Can change supported ram configuration", "content_type": 27, "codename": "change_supportedramconfiguration"}}, {"model": "auth.permission", "pk": 107, "fields": {"name": "Can delete supported ram configuration", "content_type": 27, "codename": "delete_supportedramconfiguration"}}, {"model": "auth.permission", "pk": 108, "fields": {"name": "Can view supported ram configuration", "content_type": 27, "codename": "view_supportedramconfiguration"}}, {"model": "auth.permission", "pk": 109, "fields": {"name": "Can add supported storage configuration", "content_type": 28, "codename": "add_supportedstorageconfiguration"}}, {"model": "auth.permission", "pk": 110, "fields": {"name": "Can change supported storage configuration", "content_type": 28, "codename": "change_supportedstorageconfiguration"}}, {"model": "auth.permission", "pk": 111, "fields": {"name": "Can delete supported storage configuration", "content_type": 28, "codename": "delete_supportedstorageconfiguration"}}, {"model": "auth.permission", "pk": 112, "fields": {"name": "Can view supported storage configuration", "content_type": 28, "codename": "view_supportedstorageconfiguration"}}, {"model": "auth.user", "pk": 9, "fields": {"password": "testpassword", "last_login": null, "is_superuser": false, "username": "testuser", "first_name": "", "last_name": "", "email": "", "is_staff": false, "is_active": true, "date_joined": "2024-11-12T06:37:52.760Z", "groups": [], "user_permissions": []}}, {"model": "auth.user", "pk": 10, "fields": {"password": "pbkdf2_sha256$870000$lHF35qsTtT5koOUdCmb4k1$DBF2pZsWU9yCK5vgDwkKyOmDEo0/D3TiJHwKrqjgHAg=", "last_login": "2024-11-12T19:41:59.290Z", "is_superuser": true, "username": "admin", "first_name": "", "last_name": "", "email": "admin@example.com", "is_staff": true, "is_active": true, "date_joined": "2024-11-12T19:40:52.748Z", "groups": [], "user_permissions": []}}, {"model": "contenttypes.contenttype", "pk": 1, "fields": {"app_label": "admin", "model": "logentry"}}, {"model": "contenttypes.contenttype", "pk": 2, "fields": {"app_label": "auth", "model": "permission"}}, {"model": "contenttypes.contenttype", "pk": 3, "fields": {"app_label": "auth", "model": "group"}}, {"model": "contenttypes.contenttype", "pk": 4, "fields": {"app_label": "auth", "model": "user"}}, {"model": "contenttypes.contenttype", "pk": 5, "fields": {"app_label": "contenttypes", "model": "contenttype"}}, {"model": "contenttypes.contenttype", "pk": 6, "fields": {"app_label": "sessions", "model": "session"}}, {"model": "contenttypes.contenttype", "pk": 7, "fields": {"app_label": "home", "model": "cpusockettype"}}, {"model": "contenttypes.contenttype", "pk": 8, "fields": {"app_label": "home", "model": "formfactor"}}, {"model": "contenttypes.contenttype", "pk": 9, "fields": {"app_label": "home", "model": "manufacturer"}}, {"model": "contenttypes.contenttype", "pk": 10, "fields": {"app_label": "home", "model": "microarchitecture"}}, {"model": "contenttypes.contenttype", "pk": 11, "fields": {"app_label": "home", "model": "cpu"}}, {"model": "contenttypes.contenttype", "pk": 12, "fields": {"app_label": "home", "model": "motherboard"}}, {"model": "contenttypes.contenttype", "pk": 13, "fields": {"app_label": "home", "model": "cpumotherboardcompatibility"}}, {"model": "contenttypes.contenttype", "pk": 14, "fields": {"app_label": "home", "model": "profile"}}, {"model": "contenttypes.contenttype", "pk": 15, "fields": {"app_label": "home", "model": "build"}}, {"model": "contenttypes.contenttype", "pk": 16, "fields": {"app_label": "home", "model": "ram"}}, {"model": "contenttypes.contenttype", "pk": 17, "fields": {"app_label": "home", "model": "buildram"}}, {"model": "contenttypes.contenttype", "pk": 18, "fields": {"app_label": "home", "model": "ramcapacity"}}, {"model": "contenttypes.contenttype", "pk": 19, "fields": {"app_label": "home", "model": "ramnumberofmodules"}}, {"model": "contenttypes.contenttype", "pk": 20, "fields": {"app_label": "home", "model": "ramspeed"}}, {"model": "contenttypes.contenttype", "pk": 21, "fields": {"app_label": "home", "model": "ramtype"}}, {"model": "contenttypes.contenttype", "pk": 22, "fields": {"app_label": "home", "model": "shoppingcart"}}, {"model": "contenttypes.contenttype", "pk": 23, "fields": {"app_label": "home", "model": "storage"}}, {"model": "contenttypes.contenttype", "pk": 24, "fields": {"app_label": "home", "model": "buildstorageconfiguration"}}, {"model": "contenttypes.contenttype", "pk": 25, "fields": {"app_label": "home", "model": "storagecapacity"}}, {"model": "contenttypes.contenttype", "pk": 26, "fields": {"app_label": "home", "model": "storagetype"}}, {"model": "contenttypes.contenttype", "pk": 27, "fields": {"app_label": "home", "model": "supportedramconfiguration"}}, {"model": "contenttypes.contenttype", "pk": 28, "fields": {"app_label": "home", "model": "supportedstorageconfiguration"}}, {"model": "sessions.session", "pk": "3vuyhnfuitxx06ujk5pfcep2y18hkw8v", "fields": {"session_data": ".eJxVjMsOwiAQRf-FtSG8B1267zeQgQGpGkhKuzL-uzbpQrf3nHNfLOC21rCNvISZ2IV5dvrdIqZHbjugO7Zb56m3dZkj3xV-0MGnTvl5Pdy_g4qjfmu0qiAgaqcdCnRWA7qzFCSgSA8igiKByQvpTY7RRp3JA7hkrEomFfb-ANwhN8U:1tAjpb:NY-NauEn6b9KqD0nHlP6oBSgeE6YnsQGnKnWDtWj7Sk", "expire_date": "2024-11-26T05:52:51.361Z"}}, {"model": "sessions.session", "pk": "5ihycx1m8vyi8hexfcp390lxhpgrsgux", "fields": {"session_data": ".eJxVjEEOwiAQRe_C2hAYKLQu3XsGMjCDVA0kpV0Z765NutDtf-_9lwi4rSVsnZcwkzgLrcTpd4yYHlx3QnestyZTq-syR7kr8qBdXhvx83K4fwcFe_nWk43MLludyRsYIbJDVpDQA5DyWhHBoC1xxFExGm-ct-AzDyabPCnx_gAT8Dgn:1tAwlz:yaQISQLAgrY1_kNWd9Nof6OH1E0q_IO8xIWezMYJC9o", "expire_date": "2024-11-26T19:41:59.309Z"}}, {"model": "home.profile", "pk": 9, "fields": {"user": 9, "profile_name": ""}}, {"model": "home.profile", "pk": 10, "fields": {"user": 10, "profile_name": ""}}, {"model": "home.build", "pk": 10, "fields": {"name": "High Performance Build", "profile": 9, "is_complete": false, "motherboard": 13, "cpu": 13}}, {"model": "home.buildram", "pk": 8, "fields": {"build": 10, "ram": 13}}, {"model": "home.buildram", "pk": 9, "fields": {"build": 10, "ram": 14}}, {"model": "home.manufacturer", "pk": 25, "fields": {"name": "ASUS"}}, {"model": "home.manufacturer", "pk": 26, "fields": {"name": "Intel"}}, {"model": "home.manufacturer", "pk": 27, "fields": {"name": "Kingston"}}, {"model": "home.manufacturer", "pk": 28, "fields": {"name": "Samsung"}}, {"model": "home.manufacturer", "pk": 29, "fields": {"name": "Western Digital"}}, {"model": "home.cpusockettype", "pk": 13, "fields": {"name": "LGA1151"}}, {"model": "home.cpusockettype", "pk": 14, "fields": {"name": "AM4"}}, {"model": "home.formfactor", "pk": 16, "fields": {"name": "ATX"}}, {"model": "home.formfactor", "pk": 17, "fields": {"name": "Micro-ATX"}}, {"model": "home.formfactor", "pk": 18, "fields": {"name": "M.2"}}, {"model": "home.formfactor", "pk": 19, "fields": {"name": "2.5\""}}, {"model": "home.storagetype", "pk": 14, "fields": {"type": "SSD"}}, {"model": "home.storagetype", "pk": 15, "fields": {"type": "HDD"}}, {"model": "home.motherboard", "pk": 13, "fields": {"name": "ASUS ROG Strix", "manufacturer": 25, "cpu_socket_type": 13, "memory_slots": 4, "form_factor": 16, "max_memory_capacity": 128, "supported_ram_types": [], "supported_ram_speeds": []}}, {"model": "home.motherboard", "pk": 14, "fields": {"name": "ASUS Prime B450M-A", "manufacturer": 25, "cpu_socket_type": 14, "memory_slots": 2, "form_factor": 17, "max_memory_capacity": 128, "supported_ram_types": [], "supported_ram_speeds": []}}, {"model": "home.ramtype", "pk": 12, "fields": {"type": "DDR4"}}, {"model": "home.ramtype", "pk": 13, "fields": {"type": "DDR3"}}, {"model": "home.ramspeed", "pk": 12, "fields": {"speed": 3200}}, {"model": "home.ramspeed", "pk": 13, "fields": {"speed": 2400}}, {"model": "home.ramcapacity", "pk": 11, "fields": {"capacity": "16GB"}}, {"model": "home.ramcapacity", "pk": 12, "fields": {"capacity": "8GB"}}, {"model": "home.ramnumberofmodules", "pk": 12, "fields": {"number_of_modules": 2}}, {"model": "home.ramnumberofmodules", "pk": 13, "fields": {"number_of_modules": 4}}, {"model": "home.ram", "pk": 13, "fields": {"name": "Kingston HyperX Fury 16GB", "manufacturer": 27, "ram_type": 12, "ram_speed": 12, "ram_capacity": 11, "ram_number_of_modules": 12}}, {"model": "home.ram", "pk": 14, "fields": {"name": "Kingston HyperX Fury 8GB", "manufacturer": 27, "ram_type": 13, "ram_speed": 13, "ram_capacity": 12, "ram_number_of_modules": 13}}, {"model": "home.microarchitecture", "pk": 13, "fields": {"name": "Coffee Lake"}}, {"model": "home.microarchitecture", "pk": 14, "fields": {"name": "Zen"}}, {"model": "home.cpu", "pk": 13, "fields": {"name": "Intel Core i7-8700K", "manufacturer": 26, "microarchitecture": 13, "socket_type": 13}}, {"model": "home.cpu", "pk": 14, "fields": {"name": "AMD Ryzen 5 3600", "manufacturer": 27, "microarchitecture": 14, "socket_type": 14}}, {"model": "home.storagecapacity", "pk": 14, "fields": {"capacity": "1TB"}}, {"model": "home.storagecapacity", "pk": 15, "fields": {"capacity": "500GB"}}, {"model": "home.storage", "pk": 15, "fields": {"name": "Samsung 970 EVO", "manufacturer": 28, "form_factor": 18, "capacity": 14, "type": 14}}, {"model": "home.storage", "pk": 16, "fields": {"name": "Western Digital Blue", "manufacturer": 29, "form_factor": 19, "capacity": 15, "type": 15}}, {"model": "home.buildstorageconfiguration", "pk": 9, "fields": {"build": 10, "storage": 15, "role": "Primary"}}, {"model": "home.buildstorageconfiguration", "pk": 10, "fields": {"build": 10, "storage": 16, "role": "Secondary"}}]
